mmsi,name,ship_type,length,width
209417734,FISH5264,渔船,71.51587519468295,11.57894423247491
476095297,BULK5395,散货,248.8971293874679,44.5229747757695
446020450,TANK9696,油轮,256.99982812821156,41.08686992837265
302896092,FISH7620,渔船,37.724429499449265,9.949091268513978
436249187,FISH8507,渔船,44.864608511048985,6.829731162667968
201488004,BULK4690,散货,180.00946062797462,38.570879059791
350850497,CONT0757,集装箱,391.2083724378786,47.203707623333784
208568904,BULK9375,散货,260.87899773609166,40.691481195538515
388801743,CONT4373,集装箱,253.63763289634056,39.45302475986749
461325222,BULK0856,散货,172.94272167733516,49.89858798184864
207802380,BULK3896,散货,181.56204132320198,47.78596265426172
321956294,CONT9482,集装箱,324.5930702679209,34.27827579445948
484770169,TANK6225,油轮,229.13421661362815,35.55512308688999
265358110,FISH3615,渔船,67.97029000170691,8.69124686843523
443586518,CONT1577,集装箱,334.15615293673613,45.46436356203561
450166531,TANK2529,油轮,301.7620583165953,22.482830222415455
298928875,TANK3967,油轮,149.28364875172815,33.753428991708375
339005566,BULK7683,散货,180.87860441479708,25.692068383506538
301447222,BULK2173,散货,290.9442332569609,42.798888251919756
202398664,TANK9103,油轮,241.4284831920486,45.34389450354673
445127258,CONT9260,集装箱,332.25380963600526,31.626796000244397
483919457,TANK6675,油轮,237.7793239804052,43.99274445971341
439608843,TANK4537,油轮,326.6581356362873,38.89744749624658
439524305,PASS8561,客船,187.09498088400778,26.835378215273487
475019854,TANK5069,油轮,162.0463385001647,46.360487004742566
405860098,CONT1214,集装箱,263.02309367698604,34.23143068080667
336608967,CONT6846,集装箱,263.8956300703188,31.818503908126374
410880657,FISH0991,渔船,64.33355273074747,7.985648481020565
250868102,BULK7514,散货,166.9643888029778,33.6549902116993
498552903,FISH8685,渔船,26.78041465665199,8.83638745483102
351719207,TANK1186,油轮,304.487997437756,34.400787699157
229303644,BULK8771,散货,155.84323415624004,39.68588074516441
302218830,FISH1940,渔船,29.860033004236456,10.16972751908477
380498226,TANK1613,油轮,244.35294413539046,49.2203960467881
228969102,FISH1254,渔船,71.67217990970522,7.381338263084251
457903405,BULK6162,散货,191.91843152347687,44.337639157649114
274046192,BULK2935,散货,277.35758306270657,26.115843067358913
279986924,BULK4869,散货,230.16320837279545,25.395987496196483
474565424,TANK4693,油轮,311.6198696427015,35.9813424653788
296862928,CONT8502,集装箱,185.32949535123436,38.69348191219803
401430145,BULK9632,散货,296.33337334235796,42.32837321389714
390152201,TANK4616,油轮,238.72215060172329,34.635697772360245
263176001,CONT8592,集装箱,333.0904341520252,38.30316455215298
463526353,BULK3129,散货,199.60311752286816,28.82333758700185
242128904,CONT4727,集装箱,336.08408544200233,30.215688938337127
282326875,CONT6590,集装箱,296.9208096606832,38.38028021961494
318971039,BULK8589,散货,232.87884112233849,32.71565497845454
227680344,BULK8926,散货,259.7786385932392,30.05746083024146
430593695,BULK0755,散货,224.82512753966842,28.106478071086908
290970765,CONT3816,集装箱,207.5280710074649,39.633359851127395
295728281,TANK9528,油轮,328.6197870985552,34.244141398577554
238836583,CONT7942,集装箱,341.84014562778344,56.35971930534288
477310588,BULK9203,散货,201.1951781448807,25.505555870748474
316695278,PASS7197,客船,126.91135600299326,43.08025388330968
358019852,FISH7584,渔船,72.22222497751127,7.171073865871721
443219061,PASS3889,客船,105.97524553417071,25.35986395949144
476841537,CONT3661,集装箱,236.5568017057994,42.289802909064655
381486508,BULK1119,散货,299.4613356843757,42.3863588931763
434907328,CONT7282,集装箱,263.67691995618435,59.07937022376103
272058145,BULK8192,散货,266.67403990017715,29.48352831075539
231629337,CONT5593,集装箱,325.65859269626185,55.2234834209836
339523121,PASS8825,客船,107.91521864740888,29.687069802959293
270897936,PASS1696,客船,100.39441462941481,36.42578760780252
209504896,TANK8255,油轮,125.38180203331576,49.76025356300308
461971692,FISH3898,渔船,30.647463478856388,9.022205405458635
305626511,BULK9317,散货,212.1084486055317,47.384361855187265
302191710,BULK1360,散货,265.3038281736775,34.011586441493534
311500737,TANK9745,油轮,171.27276791021322,50.57265138076643
303985084,FISH3207,渔船,34.196305628836555,6.0330380380544355
482692832,FISH4513,渔船,32.42779816489466,13.35801138721497
318778614,BULK1735,散货,174.747824815491,49.30734948772639
256988411,CONT2828,集装箱,271.0539352764684,44.51807192181944
339574925,PASS9375,客船,161.54801051949053,31.42696634595118
301552633,BULK0855,散货,267.356539055047,43.28811679264845
318201825,BULK7172,散货,262.17049288664134,42.98046232483509
263127105,FISH4336,渔船,40.474249786913944,9.446297829999299
271518121,TANK7570,油轮,298.04686848711816,46.85216706361372
338403660,CONT2037,集装箱,305.546623649175,34.17130631316033
436990468,TANK8598,油轮,196.5412107590307,35.24153962898838
255375166,BULK7090,散货,240.81090189878034,47.69698761843394
490223523,CONT8886,集装箱,287.1011616752688,37.039218996105994
269045900,TANK4582,油轮,161.99911841896812,42.40762302259003
437056852,BULK5220,散货,191.1068250559769,31.006123563566767
316464771,TANK5405,油轮,288.80354129333887,45.83499472783902
307868887,BULK5875,散货,212.99915074410023,25.97936271467289
446618040,BULK4038,散货,153.44156784768157,31.88607257895661
377252268,BULK2615,散货,296.18867045871934,37.156843487733084
214754244,BULK3754,散货,177.70173896471792,34.38584060819248
400304507,CONT2779,集装箱,319.5565348114454,32.27292321734973
295720658,BULK5881,散货,261.90742976445176,34.89061579627388
424249030,BULK9054,散货,157.8034019673576,25.36373862200051
349533049,BULK1710,散货,256.08601110017,32.99446450250055
489628985,BULK4390,散货,191.30178359473757,33.12298156279325
355986519,TANK1154,油轮,124.7300467112301,41.576411137519074
359279559,BULK6543,散货,290.68762510574055,42.73884866262893
323332035,TANK0705,油轮,325.8151675615136,21.353229038996318
327237353,CONT9111,集装箱,205.91795204212744,34.23350294024259
388112934,BULK2686,散货,156.95554113201223,46.45091242467599
266647628,BULK5138,散货,235.73334313856253,48.30818683052745
461921468,FISH6106,渔船,57.38483214697035,7.2136105988484065
378942701,CONT2713,集装箱,195.38439458713069,51.296861408280904
370784417,TANK1869,油轮,283.4600012636718,51.72779316000259
231470484,FISH3953,渔船,59.890147278894084,10.818846363975144
474057756,CONT5406,集装箱,310.061549275167,34.96543592063088
263460981,PASS4933,客船,205.09375106463312,31.3164189601072
240389416,BULK3394,散货,175.25931466949328,43.51187671921985
447794423,CONT9994,集装箱,186.38423588407923,56.62910382387284
480072617,TANK7098,油轮,234.06941830370818,45.53635127156779
305002409,CONT4528,集装箱,329.06530789471276,30.169329433449285
416135000,FISH3097,渔船,26.12597994400975,7.720560874631875
315801232,CONT3264,集装箱,325.77121962770127,56.07797569843974
313032005,CONT6451,集装箱,284.1090549155065,32.458736365440615
256262366,CONT7509,集装箱,311.0965806954931,42.64152477609798
400060218,FISH5405,渔船,34.4354418958048,11.388326517238745
370941263,FISH3320,渔船,69.68580664110641,7.100051835226993
347058720,FISH9308,渔船,70.56074790896562,6.019480423211105
378411142,BULK1652,散货,276.3576468613626,27.16587917383265
389418820,BULK1851,散货,260.4505048023779,44.67287791908149
368586898,BULK4517,散货,182.90097436768465,29.00334961083926
205096988,PASS1529,客船,155.20439916133472,32.10080173576337
271841156,TANK7043,油轮,269.5101250025017,54.079657556657764
495729141,CONT4476,集装箱,316.2855554397571,40.14374629537849
492383355,TANK4196,油轮,198.63860219323942,54.243232894540846
269608694,CONT0369,集装箱,263.95700595865947,43.41886256048981
301236709,PASS7287,客船,105.42842741207747,35.596376876056055
427917430,BULK8073,散货,288.9323078496823,30.89568901605255
366353948,CONT9263,集装箱,326.5182933854428,30.103539109439623
257208912,FISH1567,渔船,64.13191940684032,8.739339785678585
445298212,BULK3344,散货,187.03507408780717,35.84246711045634
393469438,BULK4493,散货,295.22582259577297,44.73252554026354
308505044,BULK3239,散货,263.03355688949915,31.73542276633431
212769271,BULK8403,散货,182.57064047189945,26.134645074343176
319097570,BULK7121,散货,278.5610407742947,29.1107949984842
419501809,FISH4063,渔船,77.8633992965817,10.377468876383844
456613710,CONT7822,集装箱,359.10247383021215,37.402912577958475
319022427,CONT7294,集装箱,191.67397291169254,35.00433362004143
260012166,BULK1045,散货,218.99469643218848,34.63758709291707
239966151,CONT2845,集装箱,204.76216393137656,52.239175051610374
278007503,BULK3931,散货,242.89237338393292,35.66994961700801
243211697,TANK6722,油轮,321.01021372443813,43.1266131031429
202405759,FISH0187,渔船,21.704687145349233,8.40737780464953
490738676,TANK9646,油轮,144.12607424670148,21.836417690069986
297685369,CONT5501,集装箱,188.0315513060953,38.935669645278395
307952587,BULK1733,散货,160.41955225252622,39.99646519043994
302306892,BULK6981,散货,222.09248367713002,36.18897841566596
333506794,CONT3775,集装箱,293.5252405390665,36.24187954297817
221522090,CONT1280,集装箱,303.9605136595536,54.71276760622257
253489179,FISH2210,渔船,49.1202773963593,11.55775274000272
441977139,TANK8715,油轮,227.10530940965305,32.750721024708966
467810353,FISH4360,渔船,46.50825517438999,12.289966689277772
241602402,CONT2906,集装箱,246.92595977012235,56.47916735702911
221820902,BULK9679,散货,243.42934300607965,34.079921565098104
329139060,FISH2358,渔船,45.76657257318027,8.456465413069584
353586708,PASS9898,客船,293.47449264498124,33.15995515079345
371276219,TANK6012,油轮,279.0160284518921,47.72216407092566
435176778,BULK2992,散货,281.49565397873596,48.77779135034797
488937309,CONT8745,集装箱,393.32206439818344,45.06221359954534
257874998,TANK9859,油轮,327.239665878539,40.99197681287629
302838377,BULK5308,散货,178.57982143735364,27.002966555317084
410182584,CONT0675,集装箱,321.7773862115116,36.58131276263217
382404399,BULK6735,散货,222.63056583942935,35.261735943772024
437969247,FISH3528,渔船,43.09456532103774,8.72500312015675
350833853,BULK5009,散货,258.26800913796603,45.45913695657437
389123219,FISH1044,渔船,24.030958984339833,9.512588229852923
326747040,TANK7228,油轮,198.93524438312627,45.2186491973376
250479647,FISH9603,渔船,73.54642178385716,12.039223530160815
326231447,TANK6954,油轮,141.00334943341707,30.795608347622114
343414396,BULK0320,散货,242.70851443418414,40.61211100087255
444377512,TANK4447,油轮,184.12392740775454,40.92981705603749
247084742,BULK1395,散货,173.3245404668983,49.39411561195731
486120138,BULK2264,散货,207.0394432021063,38.548182030066215
457415999,FISH4191,渔船,22.939284474741246,10.973523833510193
229550837,CONT0688,集装箱,248.8368290950994,53.63289711448588
349759663,BULK6432,散货,151.13714366722348,47.97305416766766
242202519,CONT8912,集装箱,327.9780394910973,43.785784525237375
468170346,TANK5857,油轮,223.13724211780166,53.0407788289841
302487644,TANK0110,油轮,165.15455805956256,36.28886848699953
365975111,BULK8818,散货,158.4900233518508,33.84142270372902
345447548,FISH2045,渔船,55.466344852461944,8.75661921317149
310457461,BULK1356,散货,238.82641748753764,35.8903566343507
380214410,CONT5284,集装箱,277.2741375431773,53.58230272183408
354371671,FISH9753,渔船,27.462597780873068,11.006414467259034
319749000,BULK7641,散货,280.8152400136978,38.365695918317826
308758281,TANK1562,油轮,278.0440449463584,20.890286978789383
485023542,TANK2623,油轮,233.93029804770484,42.7493576810779
304893777,BULK4279,散货,217.51168017913398,36.44003487534626
433974959,CONT9883,集装箱,180.68290225289363,56.41422299845564
363122432,CONT2088,集装箱,295.92266350733837,52.02456784182995
324603177,PASS1937,客船,227.55897759596849,27.0897058839601
202189795,TANK6537,油轮,129.56890327357883,45.83031095378914
473324985,CONT9852,集装箱,311.8103274002427,52.43208800946954
308714428,TANK2845,油轮,295.1847305633174,30.32861647705696
224089132,CONT0500,集装箱,241.56829715107574,52.10041745442611
219638882,TANK1414,油轮,205.69545826470113,37.422042286969656
456835885,CONT8950,集装箱,196.37932236221076,46.38646426652893
235741975,BULK8077,散货,231.55233117277618,25.31087543059043
445155033,FISH4415,渔船,78.4527015045359,11.04599260957891
235691639,TANK6343,油轮,178.08432833728324,53.36805454618397
274748841,TANK8746,油轮,151.13684143869625,35.38127347558779
370793653,FISH5390,渔船,44.20555048702739,11.249853194506576
480869982,FISH2863,渔船,66.90690385264614,6.568371176743713
207918874,CONT4721,集装箱,343.6598238493934,30.01555885843507
377601510,BULK3245,散货,244.2661289191077,32.9222002458383
435757929,TANK6132,油轮,232.43881925551904,53.54781849034585
353059030,FISH2257,渔船,38.61473296872775,11.803959824974577
484127784,TANK0842,油轮,311.5301944221816,29.27119049057135
279428958,CONT5397,集装箱,202.9432036351993,59.49501456886984
285979492,TANK9591,油轮,240.5522045128078,29.097821061701822
242216626,BULK1160,散货,274.03065037879526,37.69205837094075
270505703,BULK9347,散货,208.82115994839958,31.860953581246154
309029330,FISH1210,渔船,55.5325177767358,13.133366793490302
252854734,BULK2475,散货,201.6695587317794,28.603573943006836
472741720,TANK1060,油轮,249.07956996636898,32.26204715497837
379805241,PASS1738,客船,180.87189959273016,26.22412469954225
271163263,FISH6728,渔船,49.2065398495277,10.924239443142262
441381867,CONT3052,集装箱,186.94816055080196,50.43780588483851
259663934,BULK4944,散货,246.51405272044735,39.777281106756874
419694481,CONT9348,集装箱,356.8264150882269,48.82859474085281
221649745,TANK8461,油轮,222.61001911854603,23.85772925097058
397787080,CONT4476,集装箱,308.4777145893049,58.76382839396906
345111494,CONT5188,集装箱,243.0810883188057,57.27176734618513
468998235,BULK1144,散货,170.8883168920113,44.34447593742692
424891034,PASS6541,客船,271.1713179035013,43.25024004459988
321500235,CONT3136,集装箱,190.5544925435788,46.01876160018845
474533522,BULK5552,散货,170.26814099311596,46.45268162118797
470257808,BULK0434,散货,155.39311419070395,29.000063980033698
453616186,FISH5164,渔船,22.42738412254893,13.241199212817907
394328429,PASS1787,客船,270.9895025066066,39.43939301453548
492276587,TANK5475,油轮,312.84285363798324,43.86987521489977
482692583,CONT5114,集装箱,370.05078272786756,35.54630747262391
416611945,BULK1422,散货,275.3387054204102,47.63396018381667
205270945,BULK1742,散货,200.64092691911614,27.98504955252645
215009156,TANK4946,油轮,127.22970764031014,53.95025812694199
413675097,CONT5894,集装箱,315.1530333447691,48.34369788283327
305671237,TANK6131,油轮,229.29379219069415,54.6559579712336
291616705,TANK1920,油轮,162.50480696641552,42.90136875036616
430880616,FISH3871,渔船,69.08563276417229,13.26321307307648
211777338,CONT1096,集装箱,215.64924136452242,59.04018107959436
208756226,BULK9020,散货,193.7186150531399,38.05114771599367
340050377,CONT2352,集装箱,280.8301573032469,59.907459554546236
233209054,CONT7348,集装箱,347.8677239956759,31.791438828464514
303942161,FISH2570,渔船,76.49828136586197,11.364115499610026
405930394,FISH1398,渔船,63.903113303373715,13.82607260547339
275340591,FISH2146,渔船,46.26588296649577,7.350301408884351
468082112,CONT9658,集装箱,215.7467292235676,49.631829138421615
346265661,FISH9007,渔船,62.07370012372892,13.995075924896863
234360314,CONT7165,集装箱,355.60632791550483,51.42934086505689
448660354,PASS1222,客船,127.39088661062956,38.83588121285429
457810139,TANK0133,油轮,325.5433241882243,49.4242783602336
459023705,TANK8973,油轮,203.04838725784825,48.54799013943727
384484745,TANK3156,油轮,205.29409438567507,35.10296690203348
441384079,TANK6490,油轮,185.62312517562225,28.251526836040114
470920025,BULK2541,散货,207.64558996211272,45.78628106009833
254429592,CONT6011,集装箱,237.0847925496175,49.91807646275346
378977742,BULK2314,散货,201.50635249786959,49.57256010562894
444844685,BULK1306,散货,239.6257944486169,28.22879530113521
226610931,FISH8482,渔船,48.232547652627744,7.423507644299746
286297431,BULK5401,散货,202.0677055792936,26.399853128793755
451437862,CONT8736,集装箱,307.2136082008516,35.535788606881404
478025892,BULK5648,散货,269.2114697887399,45.96473833367175
453111993,BULK0269,散货,185.8264856643433,30.116784915171554
320554463,FISH5940,渔船,48.276520166637596,10.668970110545676
205628936,FISH3501,渔船,40.35816761382222,13.472570596930868
389960192,BULK7820,散货,164.31939548883895,47.74236157854419
330788440,CONT9969,集装箱,337.2141782750259,48.72832986186512
295075501,BULK3567,散货,197.2604513355726,36.352948996074325
215484564,BULK0225,散货,297.13332761534326,32.83320548493452
338101462,PASS7475,客船,168.69568110715736,44.86585738716566
241617398,PASS2812,客船,286.69840278300626,29.37782263950787
282883951,TANK9792,油轮,297.94231304126316,27.86058388346907
343596594,TANK8817,油轮,307.06294331716776,53.39087298186362
246652140,CONT3616,集装箱,183.1122464781757,51.210206086919264
340974313,BULK0915,散货,246.8737927892475,32.064413930040146
367887769,BULK5812,散货,191.23179832237065,43.93478142708832
257058511,BULK0883,散货,294.17672716256976,33.08009387846185
366939011,PASS8326,客船,178.52313632306561,40.913755086099606
465281504,CONT4235,集装箱,342.4050864560643,54.893907868493194
496935131,CONT4097,集装箱,183.55905318851057,58.57730117261288
275664277,FISH2110,渔船,65.10185249307929,13.493097723805302
342777714,PASS9603,客船,207.40570420987854,30.750589688361266
236181644,BULK0987,散货,167.83516342759566,29.636310955715114
306361286,FISH9467,渔船,32.768358267844256,8.077821500479445
355130099,FISH9666,渔船,63.86314430528459,9.830353094027432
439834512,FISH4072,渔船,39.30086464435047,11.343040472628365
332567117,TANK2805,油轮,222.0181788929814,31.79067625450873
472440438,CONT3721,集装箱,368.0881791554184,40.22410734801185
271093906,TANK4857,油轮,308.71204658920317,33.37757349452791
240062428,BULK0391,散货,266.40438775228426,25.09057095522578
260782207,CONT1793,集装箱,357.4498445953733,46.40620263984191
305784469,BULK3897,散货,286.79590897011644,26.186198019746527
294819697,BULK9871,散货,200.52812320189798,36.09814405552027
418298626,TANK0683,油轮,275.031337312221,29.99464477419775
378616745,BULK0401,散货,156.77132642961442,41.28981074597951
440178602,CONT0557,集装箱,305.56385433213603,30.74335026221301
448300952,BULK5079,散货,254.2478227656786,49.988810217098745
405354850,BULK3559,散货,265.2144890957277,33.48053276236104
475310374,FISH1237,渔船,75.9534223074983,8.005107445806416
392564392,BULK6670,散货,280.39217467532217,45.90848340774353
285017759,TANK3797,油轮,262.3942316366146,40.69767930532056
395928126,FISH8367,渔船,41.430977995399516,13.00854756505699
349372716,FISH3830,渔船,38.20696712413338,6.774340738915647
449181788,BULK0297,散货,197.141700921717,35.14973201473894
372967815,CONT5658,集装箱,375.8482579615594,38.28309479241379
290246068,CONT5092,集装箱,291.0222674643804,34.866117749261846
490056432,TANK7181,油轮,317.9685388769949,53.95827153783068
201224275,FISH6439,渔船,51.9638253950752,7.222772557372396
305856640,BULK1007,散货,184.54571312046352,42.08620982134427
286960382,CONT7941,集装箱,205.76478762251563,58.608795869551
264553699,CONT0634,集装箱,242.48297940049227,38.01605176260736
325299767,TANK6795,油轮,175.02572888436475,52.900485268580184
345199681,TANK4249,油轮,185.00345978219283,39.651474878294906
491037464,BULK6178,散货,299.4624748407497,36.33563135394333
270991390,PASS9749,客船,296.6948143212935,23.986035277877733
208993226,CONT8630,集装箱,373.7190232414498,35.132966467167314
374991946,BULK8886,散货,229.96223489421982,28.13929627323477
320767407,BULK2888,散货,262.75434375006415,34.938010373913194
271748463,TANK8193,油轮,236.83601405362504,50.15230483689538
233765077,TANK1597,油轮,151.37048559903866,32.95659494952646
449378881,FISH7377,渔船,69.26975497726471,6.2507617584328194
430724584,CONT7407,集装箱,252.33712754085553,56.36615264257077
378533928,BULK6885,散货,217.2856583125574,48.313585518101945
420375524,BULK7238,散货,203.80281954161472,28.475845906269388
357121792,TANK5415,油轮,314.0221604653843,31.707427962500372
418976817,PASS6801,客船,106.96280266879137,27.872467945769877
207164198,PASS6981,客船,126.24543092217742,44.51517479989807
363464425,TANK4240,油轮,239.5694199328816,47.45715705821393
496977556,FISH5017,渔船,73.97556973835869,9.738084623154695
346998906,BULK0481,散货,224.14027410252226,36.603813940924965
479747269,TANK7774,油轮,221.4789501240839,37.197627256749044
333852250,CONT0615,集装箱,336.28307772870136,41.498055513130566
357542493,BULK9891,散货,191.95296737600103,45.637122303532834
314496552,CONT5385,集装箱,275.97121926446766,58.32541450723686
420420926,PASS6273,客船,123.08340908174304,32.65899201683292
346826187,FISH1630,渔船,35.838685964875864,9.863590560498508
337779198,CONT2988,集装箱,315.9431996835508,34.77052952445065
425994820,TANK5699,油轮,244.0709485418321,20.644664030814035
465032115,CONT3019,集装箱,255.24839749013609,33.90122392672435
275437948,BULK5832,散货,165.4361658793002,30.772359218901606
299206537,TANK5418,油轮,209.84473395254838,28.759782402235345
458412509,CONT0290,集装箱,398.08296152351033,38.58977301069024
355359248,BULK0345,散货,290.8392501545494,32.99213857505365
413021643,PASS8336,客船,275.4397107628589,34.62033482576069
219757901,FISH0908,渔船,37.974778494331716,7.326132282015133
273541320,CONT4311,集装箱,330.1768563996329,35.72831959429776
217862815,BULK8969,散货,169.30843168773265,49.65441923903724
459942048,BULK2186,散货,252.79223786641506,29.30756542293342
457796065,FISH5539,渔船,52.89623326713735,12.616397979950918
340946060,CONT6871,集装箱,351.73630195266446,31.648484636458832
233377362,CONT9504,集装箱,186.30614768950986,50.528474790746245
265125602,TANK3373,油轮,129.69487995778823,28.271565276118537
367459089,BULK8560,散货,172.03363787986746,32.978883154524176
389141006,CONT7331,集装箱,377.92492065372403,47.91224118351113
288993678,BULK8553,散货,198.22316085567655,37.88782082635705
315411302,BULK3254,散货,206.6767649848489,47.62519749145089
359680993,TANK0552,油轮,229.76221307448336,41.07684672978611
481592201,FISH2086,渔船,66.54728458092293,10.224222169126236
335320910,CONT6416,集装箱,214.75252802308592,35.756465375065794
473153843,TANK6505,油轮,142.42175199059497,31.716036745362334
236212760,FISH0949,渔船,57.180119312819485,8.421491138374499
247286933,PASS6201,客船,209.87653309029272,24.314148283996126
256153640,BULK9813,散货,255.86659994778006,45.39837111915219
241480723,BULK7032,散货,231.4747576790677,40.1870814131158
448907387,FISH1693,渔船,41.16398434979957,10.505391592099436
239826481,BULK7238,散货,257.4910846619279,35.064613543814644
272340294,CONT0261,集装箱,339.2291797637354,49.53261751999374
266417771,TANK7247,油轮,321.54069001816913,48.00394603632179
323563797,BULK1524,散货,296.2014882481018,27.844058721620794
412969452,BULK8709,散货,244.2728462602696,34.75993051510087
213186081,TANK8209,油轮,314.65840910365006,31.0391611433405
287882511,BULK7914,散货,186.0263510539098,34.85630881416236
476679073,TANK9217,油轮,275.5695859077066,23.065137431688186
460567708,CONT4904,集装箱,241.15786716706918,57.774868474027286
489181386,BULK3176,散货,161.1964238573506,32.43990683113249
429054227,PASS7854,客船,285.71066438952823,44.98114505952492
315835646,FISH4015,渔船,78.53749382459397,6.296085709932842
345537644,CONT7606,集装箱,356.3120395869379,48.42820244772548
358181085,BULK9075,散货,212.86364548559018,32.10824107791583
257155384,BULK8888,散货,290.6275791013879,39.03105401815824
207348218,CONT0051,集装箱,257.6641100724296,48.327128983339314
329671022,BULK0867,散货,299.8150655693104,39.54095920743255
439873457,CONT7226,集装箱,363.8495438112627,59.11847535474861
429053731,BULK6356,散货,187.05893891511,25.37055734218315
365520283,CONT2284,集装箱,382.521484187942,31.731460607619912
496891450,CONT9951,集装箱,283.17538567280064,42.27582996823283
448701891,TANK3011,油轮,208.0004794278854,38.9728841168173
214753377,CONT4320,集装箱,285.1133317905224,44.79717664987511
499523975,TANK2342,油轮,174.65609001598534,42.99597369640553
395874132,BULK2783,散货,230.29951941598927,43.0678800288986
498332060,FISH5471,渔船,77.6185059169245,12.60724146236414
403576656,FISH2924,渔船,74.18424252079296,13.215001641608705
426990423,BULK9734,散货,262.8879594156559,37.9153295085676
404506531,BULK4531,散货,236.5719842272971,46.38807492649886
459554943,BULK2515,散货,295.6681088958701,28.982720253728445
399471318,TANK4236,油轮,173.69305979766114,20.329910486484756
384052731,TANK9276,油轮,203.01342070734563,49.290769211388195
206300136,FISH8025,渔船,60.047743813533145,6.535318325610787
213987924,BULK3397,散货,212.6769175687282,34.238811183020346
351199211,CONT9121,集装箱,189.77834316139814,30.36247804372517
469370170,CONT8694,集装箱,275.041116494315,43.6768934280947
415737615,BULK5629,散货,257.5803135261069,38.89916087286255
372178101,CONT3087,集装箱,389.5858605260701,56.42676112560948
388012002,BULK6734,散货,166.61691332715688,49.75897733943064
415074544,TANK9213,油轮,200.2063208810928,20.821532559804083
391467152,PASS8444,客船,217.75746051397545,32.942466536575495
289396256,CONT2242,集装箱,204.26261665072778,33.760843530528625
338404308,BULK1083,散货,278.1949493323359,45.54519605889344
319433701,BULK3388,散货,210.7724802658981,43.42883762946214
235384242,CONT6787,集装箱,222.13512344417552,51.65134868784227
431299495,TANK3740,油轮,153.83732964440156,54.433178551899175
461831509,PASS7859,客船,107.54912966352299,28.406062096646913
444185199,BULK6113,散货,185.62507819238155,45.03637589187026
443153765,FISH2544,渔船,38.805561667528764,12.90906267253529
443364874,BULK3370,散货,249.94704248992554,45.62759973658062
316564932,CONT0178,集装箱,374.44083006443975,39.09872096020131
454816373,CONT9656,集装箱,342.94068839368595,45.92397047853875
286533535,CONT6622,集装箱,251.96384770119823,30.093796824390253
324005988,TANK3785,油轮,323.0925543343625,42.7566093875856
280208859,FISH4382,渔船,49.97881443910624,6.575798220425878
373203343,TANK1042,油轮,190.6347917514732,36.403649941068295
221287971,BULK4144,散货,217.12101481694913,40.821039626871254
299158095,TANK2603,油轮,176.3527076420731,34.945615164726114
333834734,BULK7806,散货,150.3945022637511,41.611437928521184
327475738,TANK3365,油轮,289.3328538117511,32.41279445096455
207307232,TANK7285,油轮,322.04964810103206,48.069654805125424
211058536,CONT5065,集装箱,379.69650013825293,36.141989425430104
433841083,FISH7243,渔船,27.863931022393967,9.399366652405286
307068661,TANK7932,油轮,317.93915694014106,27.277857543647478
489162011,TANK4243,油轮,166.82843112552698,31.899889602964542
240867367,CONT5305,集装箱,285.17334920282406,37.5268853440651
321348314,BULK9786,散货,235.8093781903521,39.92077941559029
390879827,BULK2667,散货,201.5407466059845,43.44959198065795
322651263,TANK6310,油轮,153.21998463523371,51.794550628355594
290403272,CONT0826,集装箱,255.8754096752966,33.84905567067781
327920603,CONT7522,集装箱,318.9300560535613,46.602067751774754
401230741,BULK0031,散货,150.1107474154748,31.684018426026753
237827676,CONT0444,集装箱,181.141301819752,51.16864224414236
448868106,BULK7397,散货,155.13319213657414,28.23542144331044
203413262,CONT3809,集装箱,391.6691116296566,35.02598149074257
405798833,BULK9655,散货,152.8570690932987,41.948482813809875
285730984,CONT3879,集装箱,220.86124427588592,43.40975939608024
292762774,TANK2588,油轮,302.5816334682137,51.38053517436391
282513356,BULK7314,散货,220.07383548972425,39.65298751012017
311278534,TANK9278,油轮,231.349090091001,36.53650803346169
326409225,CONT6085,集装箱,277.93239423610686,39.45037941334883
481676591,BULK6202,散货,198.9378131107194,44.883454083510856
252368056,BULK6077,散货,203.45287921738174,30.735072944327175
242700761,CONT4141,集装箱,341.36746117678297,31.921106809972233
483911541,BULK6363,散货,236.85649388479402,27.098854606696673
217419016,BULK5218,散货,252.08667704011657,26.29503163352331
463805627,CONT7619,集装箱,359.3545607947955,52.9366277221783
339592744,CONT5873,集装箱,346.6397706799244,52.072606932194674
274827115,CONT1976,集装箱,399.0976160692801,33.74734221806449
472820769,TANK2310,油轮,301.47486384343165,46.227682895063595
484436111,FISH9005,渔船,22.380882451663453,10.61243825748701
349173367,BULK0677,散货,249.36755005721204,31.01047232345024
386378899,BULK2327,散货,242.46527612652784,31.251922684598938
211999989,CONT4473,集装箱,194.1890244653993,57.22050240717037
406425372,TANK2805,油轮,147.84901337173574,34.116981657635385
391435940,CONT1161,集装箱,317.4086097463195,38.13012631367179
461161214,PASS7775,客船,239.6793265507768,43.09471669717826
346310546,BULK4529,散货,235.2873150925722,34.523824196601836
355413343,BULK9070,散货,172.42462288674903,42.59288094534902
417713098,CONT0214,集装箱,388.91556502142106,39.91587777745679
394372402,TANK2901,油轮,266.15967568988503,27.542207791526906
200174265,BULK7879,散货,255.8690422631701,31.087794588086737
375250772,BULK9723,散货,230.0930168112582,44.037655298817974
352482694,TANK0089,油轮,279.95936845953975,37.07671433082922
306519622,BULK3074,散货,279.15184366715596,34.9789228909009
279463607,BULK4517,散货,234.6918692158887,26.700291427253063
309200939,FISH2761,渔船,56.62183766914596,8.255066497175505
448369533,BULK1158,散货,251.61258624814545,30.32549095443638
443607353,BULK9667,散货,229.24593086655733,26.971557173398818
310030931,TANK3293,油轮,326.1423545804221,43.640417233352075
257275798,BULK7280,散货,298.66305592633466,35.86391519284752
274329429,TANK5922,油轮,294.49656171172535,38.652395344515575
247022285,CONT5459,集装箱,318.9381330386223,48.16738806546117
202251788,BULK7450,散货,234.662921260142,46.96546887600793
313710315,CONT6760,集装箱,249.04790906117756,37.7092269999379
280754842,TANK6853,油轮,168.93556323731428,24.554040361430452
292286438,TANK6515,油轮,128.68154629246982,31.554257520510262
416952838,TANK6315,油轮,213.73321434877585,51.05773170852193
347429792,TANK8760,油轮,285.05941693125345,47.89853737148751
380188728,BULK3650,散货,213.29887441250804,28.66004147512254
401964787,CONT8848,集装箱,398.9074387899699,40.40295438745139
462524209,BULK0428,散货,151.9679077190292,30.28695253761802
314352356,BULK6258,散货,178.86365758382397,34.27650585372301
375790684,FISH4970,渔船,53.42754756467813,7.212287586198797
285523418,CONT9144,集装箱,242.21936152365643,42.881709006564954
225249224,CONT6116,集装箱,298.14295755387656,42.91750961997103
491511980,BULK8933,散货,180.0585217176743,32.21223851589908
385866855,BULK7276,散货,227.58295677614797,41.43277307814715
313865321,TANK4326,油轮,249.7748895056535,54.18029169168421
417019391,CONT1442,集装箱,263.5888269886671,56.44342450851376
289924628,FISH6000,渔船,21.07347145695924,9.229260375426332
421860763,BULK0871,散货,157.47922855315255,33.028826558574714
275373220,BULK5533,散货,251.85262042908562,47.44044775056918
432450611,CONT1585,集装箱,292.8685128521272,49.82067235827461
473457448,CONT0669,集装箱,309.2855850710416,33.91697871687543
365140019,TANK3032,油轮,199.6478505215195,30.651472070302876
368159326,PASS9422,客船,228.40922192660992,23.104017610125624
349913625,CONT5342,集装箱,231.51747219028258,34.0170190307118
264978963,BULK1959,散货,169.88717805623114,31.06773488214312
488663540,BULK6507,散货,231.65791317190346,42.23324112131372
388851648,BULK4057,散货,186.89714644264149,34.602220525809514
355954930,CONT7181,集装箱,328.29189354383436,55.43059143790792
224814828,CONT1325,集装箱,236.78565236753133,51.41666080944911
414774921,FISH2347,渔船,31.66381068573193,11.476796586125513
488752616,CONT4047,集装箱,322.67255358815396,33.63622254767027
326005549,FISH0692,渔船,64.09270065968457,12.586185582393735
386136375,BULK3541,散货,298.95427337320643,35.63766813660756
227062443,CONT4968,集装箱,230.9762088052268,56.572057692698166
285530826,CONT2961,集装箱,196.37896312952054,50.78310239468922
229204885,TANK2450,油轮,322.2504465787625,26.820289506895094
284470881,BULK5144,散货,270.27652179711004,40.45986456099005
241644727,TANK9262,油轮,252.63608451690052,20.11252213377285
289968892,BULK6109,散货,231.43183315024845,43.24724379127223
326528882,BULK2589,散货,276.3208863061706,38.84610329266586
496671265,CONT6214,集装箱,245.34323489798751,49.66970310560251
275172359,FISH7730,渔船,77.93351047400117,9.654077085217132
452515311,PASS7408,客船,299.22753511604037,22.736876604845616
282965243,CONT8353,集装箱,330.76679310192316,34.257484900756126
485699296,TANK5124,油轮,292.4315769599625,26.35625620438575
235857211,CONT0322,集装箱,328.6845051860046,53.99996324466329
373971536,FISH4051,渔船,44.68292902184525,8.92976064872621
271987942,CONT1219,集装箱,257.7016478943918,53.84462461593955
302014730,CONT3336,集装箱,192.67217962745053,53.47024175368715
371488422,CONT8783,集装箱,199.70013541312275,33.573296612152326
208814085,CONT8728,集装箱,297.98475143888135,35.123436196659846
480655731,TANK2443,油轮,187.55901325882098,38.64015532446578
229245133,FISH6163,渔船,53.34311059323664,10.15394492542143
245928889,BULK7709,散货,178.73472780665108,29.931359997198026
403368929,CONT3023,集装箱,239.77382590606666,44.815490791602365
238237003,CONT7222,集装箱,361.99036869971593,43.12933536121142
476788719,TANK8024,油轮,171.4644306737391,49.82257872133084
418790333,CONT2358,集装箱,236.56774293304926,32.291642855592535
455273938,BULK1494,散货,284.8271210030715,32.81855855026339
472224434,TANK6793,油轮,282.7184286759785,20.54580334317187
359893371,PASS0268,客船,247.29867607222639,39.70306079118588
436014982,BULK2007,散货,177.16187124357904,30.4315017219794
391600836,FISH8769,渔船,71.23076800224729,8.829797605284488
223348420,BULK7289,散货,225.43909536635152,40.54570500483348
239532963,CONT5672,集装箱,351.19941840174135,46.58759004648842
348202631,BULK4354,散货,219.08755787876413,37.246938400646584
344189133,CONT1694,集装箱,371.9299519424947,50.02052855869069
422654749,BULK0097,散货,278.1476609787105,37.63325272593483
266985441,BULK6899,散货,217.72078312480483,25.3036844551762
490462859,TANK7615,油轮,303.25943108695924,39.144591666032724
462623296,CONT8883,集装箱,284.7137128437381,47.90898904139931
384225042,FISH4685,渔船,41.73006252462218,12.527204995586775
494099532,TANK4705,油轮,290.31607672555856,26.759428579845817
245809698,TANK4161,油轮,280.54268326181545,21.439361537746834
295813310,CONT7250,集装箱,287.7093700267968,59.49335945332268
230057486,BULK1756,散货,208.7080045526639,25.35125652472157
290945242,CONT2097,集装箱,273.611538121545,48.369846019324584
297700238,CONT4535,集装箱,383.2994739688953,38.23311328792447
239459500,PASS2048,客船,160.83014517242907,27.56029253848145
312842609,CONT3497,集装箱,307.6109979044564,31.96356078774378
460374971,FISH8717,渔船,65.97362673844351,11.201320414231315
329679831,FISH0627,渔船,54.70949156372699,6.366381842983794
353862287,PASS4606,客船,209.022213584309,21.144998629186226
280169866,BULK1697,散货,208.5551461712215,39.891670157349004
253810438,TANK2036,油轮,272.22220166691216,25.918469459584365
341932759,PASS9444,客船,230.89710592542076,41.044198451877236
464217867,FISH5199,渔船,37.59722218357567,10.807637122134667
482572568,FISH5535,渔船,73.74721807548725,7.702472152358295
412569566,CONT3987,集装箱,294.8014840474435,59.025794585709534
335367421,BULK8989,散货,267.96848074938106,26.251146014685663
285518541,TANK6838,油轮,150.73998280294555,37.37809307498649
297293595,FISH5505,渔船,30.10172664033443,6.666820417543031
442675586,TANK4639,油轮,262.34361316688455,48.874427828727285
402296069,CONT7742,集装箱,381.4501286016917,57.36364658526122
227158485,FISH4961,渔船,33.95408527373259,8.403096243927552
259780535,CONT9519,集装箱,275.5235157918135,49.05763524522766
415751839,CONT5644,集装箱,267.69563167892323,54.30554447005656
406992265,CONT3107,集装箱,238.52245813754382,44.448065401169366
360728163,FISH9841,渔船,73.38396147773325,7.496012541577383
303280436,CONT8884,集装箱,198.4021209574259,46.63434961823283
293163093,FISH8046,渔船,52.49416558837743,6.525382194432315
330820864,CONT2713,集装箱,384.48711405615006,41.52271244871711
308712470,TANK0892,油轮,198.354963094429,35.912815340854394
287253555,TANK7158,油轮,229.03838088564726,30.792117764329895
326753407,CONT5383,集装箱,251.10038930733944,43.53809735347899
226050202,TANK4027,油轮,156.1808978066342,49.534622483778676
427630378,PASS9053,客船,254.48580652533997,30.989756394087372
426041430,BULK9377,散货,209.41139196175382,47.624727236382135
288451437,CONT7288,集装箱,295.0524701863385,31.672227459809225
289617413,TANK2623,油轮,231.47626139842635,37.2000914436732
235747145,TANK2376,油轮,176.66876365985007,42.867872968257586
276992342,BULK8850,散货,236.29393101430395,38.120426984405725
460470262,BULK0550,散货,206.8901981356493,25.271838240410514
218405716,TANK0620,油轮,267.0177980647499,32.370566159978345
302319680,FISH6263,渔船,77.94003568806684,11.245756174755115
215284299,FISH8354,渔船,52.14757609789671,10.907858494159726
480446253,BULK3558,散货,263.2125857990863,28.4243048814143
428381761,BULK0723,散货,192.7530935934688,49.30951615366336
320745901,TANK2284,油轮,287.21604714482874,48.89974513871488
480569250,BULK9270,散货,239.10952896813114,25.215539094839652
271303805,CONT2941,集装箱,235.1768716992168,34.06488982672532
395147674,FISH6245,渔船,31.520004535253,11.863374566654294
418264749,CONT2514,集装箱,220.06402602232458,49.80131465413665
204815511,TANK8136,油轮,212.6007688504572,23.43321245759859
255212953,FISH9350,渔船,33.328616592327634,9.918329747864867
249669562,CONT6557,集装箱,274.16848963883274,30.33650317760948
453826175,BULK2293,散货,271.8645495989489,25.276593189443496
249308981,CONT4299,集装箱,285.7531256361849,37.66867762762739
480160065,BULK0043,散货,257.266477855328,32.610995781472674
304243853,TANK2766,油轮,324.3979896973751,46.918116698228815
200304196,PASS7637,客船,199.62056463624347,21.513717713360347
409628508,FISH8127,渔船,67.35615717133871,12.75538903264934
407819240,TANK5666,油轮,132.2816934712108,51.91321136974349
380035251,FISH1473,渔船,25.583669519373693,10.307148720865932
438795014,FISH5454,渔船,35.706440576519604,11.604133351066272
352966811,TANK3602,油轮,143.69995693089376,48.538216520608444
246388188,CONT5742,集装箱,379.95373580005526,41.38380180828907
425710175,CONT5931,集装箱,338.2472278935494,38.08564615437409
491690244,BULK8575,散货,269.84292373495344,35.24652196883461
210373531,TANK2856,油轮,309.36757286545253,42.356284725522485
333560546,BULK6350,散货,193.83600492576,42.57227507612238
278757813,CONT3694,集装箱,216.75589120186663,35.70038548229202
407298013,BULK2222,散货,238.2157602396328,35.49360028488531
367062975,TANK8677,油轮,202.71037555772145,50.84812416003075
205045617,FISH7136,渔船,74.76120606754733,9.479909556032432
205099270,FISH0324,渔船,79.07353578105193,9.635688104076902
369754780,FISH2819,渔船,76.01961621138724,9.57634995348574
285973858,TANK7610,油轮,143.9715658093162,42.50789242566955
371475955,CONT6911,集装箱,232.89019912870629,49.67169906241312
465885895,TANK8137,油轮,226.52657440632518,36.37275880690618
280933011,TANK3908,油轮,138.08357396264756,23.511897007302544
403859872,TANK9336,油轮,319.94353365383677,53.80839247484608
395067834,CONT7698,集装箱,326.6851679095707,54.44347956027349
312978359,TANK7686,油轮,212.99951673057316,50.32274761785294
483323019,CONT8855,集装箱,283.81371572473194,33.15495006860879
460431353,FISH8081,渔船,76.86855725480243,6.033082342166776
371149571,CONT8663,集装箱,335.9926167168942,37.01997766815633
341450148,FISH8020,渔船,75.08450582002641,10.113666107411735
460913927,BULK3096,散货,175.9065905325146,31.474175142638764
283847812,CONT6997,集装箱,298.0808842796316,40.32784903749158
484765237,FISH8884,渔船,66.30785529815036,8.224130283623175
311200778,PASS8248,客船,290.9866639586692,32.70382919934412
493314061,CONT7629,集装箱,210.7915775783158,40.18669052125114
299778693,BULK8795,散货,202.99797469575702,30.949316699494332
378699303,TANK0432,油轮,230.2636802155688,52.725697010444435
453660489,BULK0224,散货,207.97883378112476,39.220857557505866
378805282,FISH0477,渔船,77.15834090867784,9.767700654885054
392446626,FISH4481,渔船,61.909917596074976,9.249008987392067
395270193,FISH6735,渔船,57.57852933234323,9.935652811708493
259196655,TANK2704,油轮,203.8147112429113,51.054519429830876
482014763,BULK8810,散货,250.3052421442547,29.434490001317638
485608946,BULK5982,散货,279.21322795644596,47.36876850747771
322655115,TANK5503,油轮,289.40558403712384,30.09787870742049
396996978,FISH3679,渔船,22.063670200644747,9.190726284138346
464772942,BULK9029,散货,160.73069114598547,43.112314628012534
393060886,FISH2235,渔船,28.58490422542689,13.150004251258663
230772914,CONT5382,集装箱,270.43097644174986,53.17014386999166
437061661,FISH7211,渔船,31.107504702849788,9.408625568799298
460005575,BULK8819,散货,284.2566322465562,44.60501918128665
232554097,CONT2801,集装箱,362.13483099641746,39.77273055338965
273033710,TANK8450,油轮,297.51437245776356,52.772102802665216
245587845,TANK2712,油轮,162.05973506253272,36.6057257024561
335124632,CONT2401,集装箱,314.8921451604916,56.59671318310153
409620373,BULK6165,散货,247.17097433480342,44.8340313736895
473361202,CONT0933,集装箱,344.2959030862503,35.76475633026441
454273203,FISH7272,渔船,32.125386346770355,11.866761665910198
385456342,CONT3071,集装箱,255.2974150212131,40.97905369269732
477971068,CONT7631,集装箱,350.470864649173,41.888361013831215
294983032,BULK6326,散货,207.5867700309754,26.75136101937494
420457696,BULK1981,散货,294.21666368326646,43.846056495276464
355810450,FISH6498,渔船,29.730312845610634,13.724470245328689
231956909,BULK5957,散货,155.02956346162333,45.96323779727073
343329202,BULK2692,散货,259.6115166349691,25.960515757744453
408178397,BULK5268,散货,283.37423655420616,28.463796574559506
372165756,CONT9696,集装箱,357.37838184654436,54.964570542493874
460793011,TANK7724,油轮,137.15831959107476,36.1969518967925
490129794,CONT5796,集装箱,376.2084804171766,31.776978460260132
383188162,FISH2350,渔船,41.48645151136093,8.772920923242308
205602224,TANK4039,油轮,192.40526188718968,54.566728315779635
367936089,CONT2130,集装箱,342.8612254302651,39.52377270404606
471294477,BULK6893,散货,251.45326451828166,43.15122275539641
262126744,BULK7281,散货,279.65807328353293,35.90994873484655
210864909,BULK1640,散货,252.04799712719125,48.04233691640357
490195516,CONT9382,集装箱,205.65767109534175,37.20704143229808
367803242,FISH5965,渔船,37.33023913966116,7.209655719434819
340142440,BULK0408,散货,220.8460047632883,36.191741992795585
250641743,BULK7860,散货,168.03772580741304,42.394996656389225
390123113,BULK3748,散货,169.15990529768192,37.50469016066209
387716731,CONT9789,集装箱,399.21507552675183,37.02667083145926
371333786,CONT1929,集装箱,377.8950769587459,44.32303781113385
355856058,BULK9791,散货,287.33309369562136,44.732901991388275
225838107,CONT0411,集装箱,181.52403885807908,54.83537703315909
300298435,BULK0114,散货,194.52144372351597,33.99468514854775
435503598,TANK8297,油轮,312.66666593970376,35.60390339514769
233864089,BULK2011,散货,203.0448372760728,36.73009732359415
397252509,FISH8004,渔船,40.93819952610487,6.447158831611175
494217401,CONT1780,集装箱,193.98188410432184,57.58256834410467
472506052,TANK0916,油轮,196.06685953064618,48.68479222638658
228137436,BULK9211,散货,184.62499132239336,45.42420648366083
207478862,BULK6207,散货,244.57156106215882,27.789889512041185
464205216,BULK2165,散货,277.96674968944114,42.75261266259528
202249554,PASS6079,客船,247.81313815305728,43.56907611925682
254617221,TANK5824,油轮,302.8243442662763,38.49197231309407
269991700,CONT9346,集装箱,253.1187312340123,40.05142881292488
292546565,CONT4697,集装箱,293.3378289105049,41.8394790631049
238229730,BULK7943,散货,190.816154614823,33.672703338152346
306443181,BULK4616,散货,293.706389070079,49.1267504291829
253878394,CONT3094,集装箱,229.7908859439034,54.860483747104034
375144554,CONT7476,集装箱,277.0169008164683,59.116206747868155
334806293,FISH4538,渔船,42.549671246316365,12.986953410832188
205592558,TANK8313,油轮,152.83713467629417,21.52303444628165
200325351,TANK8457,油轮,147.0680137823327,42.70709472798757
275026878,FISH3671,渔船,67.6698973344063,8.422319978286264
357458107,FISH6783,渔船,30.96840612628141,11.694799742759635
232752436,TANK7227,油轮,202.93029731278187,52.307008731835126
248320267,TANK4079,油轮,271.24167775801465,37.08946213145383
474710898,BULK3340,散货,285.45510007204035,43.050467347584686
287603630,PASS4103,客船,272.351533443961,35.67076977921765
226541138,CONT4887,集装箱,192.71742585999192,57.030537879377036
464559656,CONT1454,集装箱,291.9813147571707,56.72563924775409
383106256,CONT1428,集装箱,218.36221545547846,42.072614696154005
346190975,FISH6189,渔船,55.124642770464085,11.34672350895423
243717191,BULK1077,散货,259.7773163331648,48.0873052761378
480241389,CONT2227,集装箱,342.63298583347273,38.85032576918811
326147423,CONT2396,集装箱,307.1662796305437,43.57461184605749
311013173,CONT1310,集装箱,205.12965675194562,53.07217652969049
465296834,BULK5304,散货,283.67166905862825,32.187451606910955
346440875,FISH3764,渔船,76.34020623955448,11.099876872176338
391903599,PASS7021,客船,165.30033305017764,31.954856653067694
493316616,TANK0243,油轮,183.61552403098835,35.67252582604293
255469934,CONT3052,集装箱,252.08965430736862,43.08361204380138
374609869,CONT5314,集装箱,278.01154635190545,48.448579450526424
255042144,TANK3744,油轮,254.36865840044862,35.45080585944731
455599883,CONT2980,集装箱,374.5339564902715,55.3558829412233
315925652,BULK3636,散货,293.71264970026795,35.902089949354234
411115424,FISH0930,渔船,78.02020009445624,13.91450294585379
323543605,BULK6072,散货,264.4025593150518,44.02968571810668
418679856,FISH5112,渔船,73.35223051331229,9.97135149856894
221310819,BULK5914,散货,190.56814258224156,42.08924926407006
271184712,FISH3073,渔船,51.37294623215223,8.831225364879728
413145881,CONT2173,集装箱,335.1838940739183,39.74686453083209
245152450,FISH0419,渔船,65.27589071791155,11.15461430707585
345089250,TANK2149,油轮,265.3193260174363,44.66620076397703
281403505,TANK4497,油轮,136.38545020647425,53.498106561254666
485449309,PASS9696,客船,284.7237919058899,30.01202746034245
435304411,BULK7518,散货,175.5278936958113,26.97990535630992
326961979,TANK2889,油轮,289.36341848384234,46.20641747011052
407908534,TANK3263,油轮,124.11524439904511,37.550995779526204
317756854,TANK7996,油轮,235.20976636054132,29.110193169166898
469849115,CONT6364,集装箱,310.079047765805,32.19123060340574
466852107,CONT0199,集装箱,231.78558496438012,37.184955575616236
437140039,FISH3254,渔船,36.64399433512129,13.566177075211648
320466119,BULK3036,散货,170.24193687161988,27.141562972197896
236932996,CONT1889,集装箱,191.18742072635325,54.15516500301248
299590068,PASS7360,客船,269.0053202470517,22.03239910514232
448704562,FISH3809,渔船,21.12487104633211,8.677100335557824
346081989,TANK3976,油轮,242.01262388443683,35.009642652237545
264727100,CONT5803,集装箱,247.77467779607912,49.33500821117627
297004928,CONT2803,集装箱,377.1925512107422,49.16044026908915
212954079,TANK8604,油轮,287.25538193548334,46.203885387753175
271598038,FISH5263,渔船,55.051662342042725,7.319574545380271
340756178,FISH2103,渔船,64.36018796838007,8.618852088841823
210691026,BULK3089,散货,186.39492799850123,28.403454470057213
469871488,FISH1993,渔船,72.4775583438334,9.897215280341324
230753653,TANK8264,油轮,296.268374383366,27.322998347845854
203425231,CONT3396,集装箱,243.299383804915,30.47844197244908
381843096,CONT8754,集装箱,365.66397331512144,30.345901612648202
328447137,BULK8192,散货,159.8995462792553,38.42171650891256
467791677,BULK7518,散货,225.62653808669455,31.957102782403148
279186850,BULK1402,散货,235.35062537917003,25.512598641339356
452233158,BULK7667,散货,292.2935471107254,43.22520592378709
409140256,CONT2449,集装箱,200.13548384729887,48.13925378090755
203827707,FISH6231,渔船,51.326790793933625,6.144062835277708
452707630,CONT0343,集装箱,186.5025960047813,42.72554489393576
317901275,CONT3340,集装箱,394.4357643255005,49.866784182045876
436937118,BULK6951,散货,270.88635782579667,44.213527584044186
431996582,CONT2119,集装箱,293.1410573808041,34.38861855359424
443047582,TANK0424,油轮,153.79945282552103,47.9979983097075
358768921,BULK0351,散货,179.38342072397188,35.687634445923706
333592593,FISH0740,渔船,69.36894477121652,8.513941091729356
265983139,CONT7979,集装箱,312.8998630034855,34.077599575124275
217851988,TANK3072,油轮,329.2679777560513,51.95118435525311
277444005,CONT9595,集装箱,306.43041287621566,52.971931909662274
472138447,BULK5330,散货,211.01017570425165,28.765646060874108
407585523,FISH1387,渔船,23.25877261497534,10.807122624221057
455685886,TANK9066,油轮,256.52938464786257,41.79593693203175
451607102,BULK6799,散货,266.7289897839711,47.44924683801392
202975626,TANK2408,油轮,149.86895922030652,31.146975106048842
469683229,FISH4763,渔船,28.79005615736171,10.995732515507342
464189187,CONT5166,集装箱,348.14756002432114,36.55020634277063
388204103,BULK6926,散货,209.80887118464707,47.67212666749684
209574641,BULK5409,散货,277.9990850432735,29.60464466562704
393162289,TANK6507,油轮,322.1940852266492,46.66544943041998
234491628,CONT9825,集装箱,373.4696414931875,46.78075953654307
379200188,FISH4936,渔船,55.96029917375221,8.342967062185135
417764604,PASS0311,客船,269.83281790364845,38.35233740030996
297972753,CONT8893,集装箱,204.34016252473347,35.13297040027713
285618916,PASS4498,客船,271.7229387752834,35.22148189193959
246215068,TANK6334,油轮,193.58207357294518,31.45190594086744
304257176,BULK4339,散货,271.0280529987909,27.410328548869174
416836131,BULK1765,散货,299.01443281898156,30.628938714444335
227330043,BULK4555,散货,177.7580306030282,38.153957302916304
296929541,BULK4106,散货,282.74070898049695,38.560268205233754
422252830,CONT3784,集装箱,314.77572763444687,44.828391863496364
334507724,BULK9365,散货,243.93445332606348,30.15407525141573
334684505,BULK4635,散货,246.5277460649666,25.56291522210193
346779851,CONT7802,集装箱,337.12573444485577,54.829994464948754
233777608,BULK5717,散货,285.091840333268,49.83917642289228
312751646,BULK7050,散货,210.540787327376,34.77868099791903
293357382,BULK6822,散货,235.23323446980766,25.464613466508155
296830409,TANK0530,油轮,273.89271210552624,32.096545056995794
369546996,BULK5195,散货,192.30075307510364,40.00944285340114
336025040,CONT5435,集装箱,337.110550923402,37.748467683880015
469986326,TANK8766,油轮,169.95879363218523,26.423894441958552
373508289,BULK9056,散货,235.48325064739714,31.30327671973177
398914461,FISH0605,渔船,50.636295158757704,11.27666787878873
340852755,CONT1194,集装箱,312.81400285807644,49.05263553845896
332771018,TANK3397,油轮,272.70511037815675,31.264346406600374
470379677,BULK4614,散货,237.57576103819162,49.10847694001927
250887412,TANK6177,油轮,211.37970201654144,45.847269251767926
459299139,CONT2342,集装箱,264.12790264978173,58.19390214357102
382958761,FISH9962,渔船,27.396781449924212,6.68999373381079
289951035,BULK5789,散货,291.0111173043742,34.24555147613575
431523150,BULK3110,散货,192.0011418136915,25.214580852881692
324706166,TANK1166,油轮,324.85956841405925,36.462712621652045
369377407,CONT2600,集装箱,360.2817495912588,40.514089942801874
288362081,BULK8808,散货,288.7761903324578,46.104906172763336
475885710,FISH8684,渔船,37.03736551239605,12.529585899536842
337760817,BULK0364,散货,265.21859634220004,43.50291005580616
257261410,CONT9104,集装箱,232.07010169412217,33.56932515173093
428645244,CONT8690,集装箱,188.3039706035017,44.4261789600297
476598500,CONT6598,集装箱,255.6762118837823,39.611626835570505
459432963,CONT4160,集装箱,249.6475746985841,40.015873070552395
396745021,FISH3708,渔船,73.27708122514503,7.6450708885180845
453094975,BULK6772,散货,152.35515662445368,27.277374086501688
495756407,PASS4026,客船,156.7109276149041,30.97334541647099
400165769,BULK4225,散货,209.150662001526,25.57969311407216
442060445,PASS0169,客船,286.238759046436,41.01938588313884
272355154,BULK2171,散货,201.3732673699015,39.38469892396715
443432290,TANK0264,油轮,293.4331573443359,42.16503426213084
295983710,FISH0144,渔船,26.596792853647955,13.84587929316234
385126334,TANK9243,油轮,233.1816424268318,39.89731844278802
301056512,BULK0755,散货,203.49059529284867,38.12577527197731
491404706,BULK6463,散货,185.29712810216697,36.652831371692706
351865044,TANK9689,油轮,152.4358899457089,37.47178016692166
420287400,BULK6915,散货,210.04416227455403,43.57320559928728
218688433,PASS8936,客船,283.9735039453653,38.52775678697225
221662653,TANK9380,油轮,248.0066930846537,25.70598038605993
430787560,FISH9661,渔船,62.59481387922638,9.625997636395859
485883045,CONT0998,集装箱,344.84080823264117,51.5671940038713
344444464,PASS1864,客船,226.01935498613437,42.04679724456641
244320493,PASS4644,客船,269.12176551561066,26.877351128585865
453330202,CONT7313,集装箱,200.9109817124323,46.43531038752024
262482698,BULK2816,散货,152.69612967981854,25.76654224761269
202323946,CONT8311,集装箱,227.18219949812737,34.84286334011922
310667917,CONT9142,集装箱,265.5052292376425,36.93238422957968
288092919,CONT7509,集装箱,204.59034271347892,47.66791324342261
369268824,TANK2072,油轮,189.58930655102955,24.512464268860317
489597039,CONT2969,集装箱,298.9520738432953,33.167565962681216
331822484,BULK5416,散货,205.93284979978444,35.65158711856426
349100324,CONT4294,集装箱,297.9552898448667,33.62571698611892
337843719,BULK5559,散货,219.69476684607912,48.93139527479512
231460704,BULK4474,散货,295.4285245572105,39.612661574224774
310515656,BULK6574,散货,177.10993147612993,37.853279582493556
267248517,TANK4568,油轮,164.19306068818346,54.783605335897924
431763782,BULK9034,散货,211.65361007914572,30.08787743202572
390121900,TANK8854,油轮,272.0098650538449,37.046777544451274
356058293,CONT2992,集装箱,198.34110570568356,45.66825281130515
454423804,FISH4816,渔船,47.01216292501594,11.48163160169031
230383241,BULK4347,散货,164.7417407079344,30.72569695960425
378192959,TANK8937,油轮,229.60193595974985,36.99378622791811
470832137,TANK8416,油轮,143.68116269458875,31.82207029572301
451205182,TANK7628,油轮,243.34081280762842,25.936209029604303
456746681,TANK4958,油轮,329.60426725875755,52.66187337251372
406119365,BULK9446,散货,281.8641472310047,48.46417780383329
325557586,FISH5833,渔船,52.01900901081307,7.676963165257433
434627310,FISH3436,渔船,37.08176569191416,9.209395415083435
231743438,CONT6409,集装箱,262.8766069692813,40.22398293369359
210510529,BULK1431,散货,160.57905737068302,39.2926737410089
465634260,BULK1080,散货,221.5065635658763,27.311434945053385
320752741,BULK0627,散货,179.4517424984617,38.433301193021606
487064603,TANK3558,油轮,195.5250140649398,22.670147634444316
486405605,TANK7423,油轮,308.60282761786726,26.75693687711988
424803914,BULK2488,散货,269.20511399613036,42.34043854043879
487221052,BULK6439,散货,247.56974243007443,28.079574886264513
474842685,PASS9692,客船,136.50863904819022,36.09305664221685
307493799,CONT7874,集装箱,383.46212411658524,31.860101623847346
488148873,TANK7025,油轮,267.5985312072325,27.36403937445853
349820276,TANK8291,油轮,230.0246298517227,36.23423005815098
356784565,BULK2011,散货,212.53697154787147,25.232441634282637
363162939,BULK2637,散货,293.184149662848,45.41023698842791
225008841,FISH6622,渔船,63.06426316011089,9.090795231904881
346931076,BULK8274,散货,186.36625629495109,42.437762253931425
315260700,TANK4847,油轮,165.04455852976756,34.09547426989759
347297077,TANK9380,油轮,298.33683746689076,22.5669593369271
418358370,BULK4130,散货,152.81511304192472,42.41852135098668
291179800,BULK0904,散货,297.70902435579023,49.066151685890645
318078649,CONT6772,集装箱,302.8574418308449,58.774267147200526
212618170,PASS3889,客船,135.3401797977515,42.098831042437155
365577897,TANK7662,油轮,287.6838292073787,40.183241288274374
248567610,CONT7035,集装箱,205.579282955505,39.33786627156935
318395440,BULK2660,散货,250.26463986453862,46.195080839812476
265467869,FISH6042,渔船,27.725651489431613,12.943977797256533
328356223,BULK1158,散货,240.68623257510467,31.100727202733154
240131744,CONT4491,集装箱,387.44325737372026,41.9682908018544
497802356,CONT0461,集装箱,263.88741984726954,56.53543995876048
313265484,CONT5406,集装箱,352.9570587510308,50.404204595621714
288908787,CONT0977,集装箱,296.27157302025324,42.88025166014926
423615438,BULK6971,散货,258.3401511070947,26.54678205105475
479038659,TANK9921,油轮,242.27431093800107,47.783980009073446
396408837,CONT7746,集装箱,372.99825285315023,44.91340498903891
211342633,TANK4446,油轮,155.91672535317122,52.998073229349174
494496643,TANK1157,油轮,214.52877308845734,46.515940101862725
346740725,FISH5572,渔船,45.91355137644588,6.408929009962147
309415306,CONT4450,集装箱,272.4153354094324,36.480548044081836
376462949,CONT5879,集装箱,391.3496059513694,44.588525256250236
365140816,CONT6975,集装箱,367.8597902605913,51.14693810313175
360982614,CONT7160,集装箱,242.8207492099902,57.92150415086715
289916498,FISH7812,渔船,61.337814217793564,13.29327195016413
345410344,CONT2920,集装箱,377.4562055602534,40.22012477769214
372006658,BULK1626,散货,168.35419648139543,38.20652835288888
233684827,BULK1725,散货,173.94175334934803,39.93703135561705
488434984,FISH3030,渔船,30.639278537829924,9.211606734203599
283547593,CONT7027,集装箱,289.6522805602826,34.06648930351615
230730792,TANK7486,油轮,264.2049950995553,46.38227705501053
346345639,TANK6665,油轮,169.93067332245153,42.606749770991
318254252,BULK4805,散货,199.03598941048165,36.58362470922975
373687535,BULK7540,散货,244.8643083003557,48.89996776251427
284119684,FISH6264,渔船,71.0762120562122,6.677859636451898
285124706,TANK9746,油轮,133.96556354859806,35.707905391348
300048649,FISH1009,渔船,30.242034116266176,7.958804598608552
226110746,FISH3973,渔船,34.080267229092286,6.572145749291022
410470107,BULK4997,散货,208.57892832359437,33.559098871611376
262009381,CONT8536,集装箱,383.95800286296515,32.19578548784999
462391606,BULK7427,散货,293.2615250694122,39.067686027996764
258716930,CONT1084,集装箱,204.2121706934306,52.049244767855
300651149,CONT1429,集装箱,341.4938354814149,48.57499610861361
227061007,FISH7618,渔船,27.1954190282146,13.648353209985505
267426723,BULK2695,散货,235.18481859855552,46.3285305033764
382186145,CONT9651,集装箱,356.38293915440295,31.284697876160397
275144692,CONT8896,集装箱,231.28179922856864,55.60177805954261
356818746,TANK1976,油轮,149.71730697861153,39.225710811638386
255472530,PASS1224,客船,248.83440809436178,21.064989018727072
221074096,CONT8673,集装箱,241.29661725648782,42.94169880016389
422521160,FISH8168,渔船,71.63848804297088,11.836953110835282
436448516,BULK3370,散货,289.8594397379687,32.438216947233684
490986814,BULK4593,散货,184.64592600607415,29.785850468867828
414041964,CONT4952,集装箱,236.7352249335183,41.18917310367891
293036043,BULK1321,散货,285.57316210744517,29.442946263729084
253301602,CONT8853,集装箱,372.53495056360475,57.0247217274143
323905099,FISH5189,渔船,78.69100471476018,10.614554845786502
218871751,FISH9944,渔船,52.51195591754489,6.432033357215504
280449926,CONT2421,集装箱,240.2028893112927,46.4414514749262
319401479,BULK0861,散货,293.3955349157043,31.92357189625266
327724161,BULK9732,散货,287.70610424450433,39.71076813172276
286662172,TANK5394,油轮,263.1091959097391,47.69220462898903
371397507,CONT6904,集装箱,364.31345911295136,55.99234609468113
445860852,CONT4663,集装箱,304.6730432257447,49.1910876519299
456077884,CONT0316,集装箱,347.6688120750189,45.39241728837841
263262250,BULK2650,散货,171.14168151273574,35.383165214231965
487099829,BULK2427,散货,183.20108707798192,39.67477742269396
398292490,BULK1341,散货,286.56935210513444,48.772682649594884
208750415,CONT7672,集装箱,344.41147908123867,47.896323795382514
446013249,BULK3478,散货,165.29405784767158,28.184848646472172
389136301,TANK2504,油轮,150.1104026561488,24.62784244039066
495638814,BULK1611,散货,164.18467251461547,37.791736105482855
212229499,CONT1844,集装箱,233.67085000644258,59.628229306751784
304531651,BULK8710,散货,236.7694061622309,27.386793264859538
439049123,TANK1866,油轮,271.0839071607944,38.92192842025764
368321472,BULK0592,散货,155.05338362038165,26.530304054899347
266704677,TANK5673,油轮,305.3418246194217,46.06411567463511
403695927,CONT7803,集装箱,213.47617359721306,52.47143729490301
202868943,TANK4140,油轮,215.71527173839718,33.073705405596144
418579076,CONT7417,集装箱,330.34273058986116,50.0912573164368
203844451,FISH8096,渔船,38.48783074674259,12.947978201653749
210193472,BULK1306,散货,163.02132326351835,43.284842195909924
461193207,CONT0352,集装箱,246.75938290674605,32.13586405936171
429272337,CONT3244,集装箱,314.3040462365111,43.94679674607846
441402290,CONT8032,集装箱,219.1361532621563,36.46559932946228
474046654,BULK7096,散货,236.55684662702214,47.303908547547564
234937002,BULK4632,散货,215.77212562831548,48.69255761479492
355930506,BULK0261,散货,172.154246716135,34.170029669853335
330951317,PASS5218,客船,255.14842083412378,42.956492805866205
472219081,PASS7730,客船,240.69355004332783,30.771303514584872
348496505,TANK9421,油轮,288.6660778699238,45.89407858046707
374897196,FISH5380,渔船,60.08840198358666,10.793349121077526
288867575,CONT8411,集装箱,365.5957668854312,35.53594402065403
436245594,TANK0887,油轮,278.75493247013526,53.92857002319063
351323670,CONT8965,集装箱,317.01787844666154,50.39077206111955
470663660,BULK5428,散货,166.71533958687414,34.67242483150609
268555868,BULK5109,散货,225.65125118674592,34.708737338763015
375360841,BULK3178,散货,183.61615826506664,30.937452145833042
465349457,FISH6652,渔船,25.781440348823494,12.440948653138278
239270004,TANK4507,油轮,135.7269709673928,28.06099925831035
208973061,FISH5020,渔船,59.549790595862014,13.905105810311943
277045415,PASS7141,客船,166.22244993956284,30.587753648175827
346933561,PASS2667,客船,232.45961756832224,33.710053058262886
494662745,TANK8754,油轮,155.37533124574168,48.36230895191147
212559639,CONT2610,集装箱,368.6868438727068,56.977199482353896
342459471,CONT9971,集装箱,227.92795266964214,48.75605681488571
258638117,BULK0666,散货,156.8705083550072,30.685125220093234
294496635,BULK7832,散货,173.1765554859262,40.5187185013794
465031626,BULK0447,散货,210.33572627090518,45.081915071606474
254084768,FISH4339,渔船,61.8073887678494,11.710393950239691
232261659,TANK3782,油轮,231.74280949708907,38.697060325008444
307741797,FISH5136,渔船,36.43978997826389,9.455980365748768
472910972,BULK5511,散货,205.8163489181007,42.964805947111145
427412048,FISH4853,渔船,41.64599758665479,8.938167775534962
326293960,FISH0473,渔船,67.36040950444198,10.16117276820486
320092950,FISH8292,渔船,76.44478292747942,12.912847518460552
496054526,BULK0194,散货,167.9450364713328,42.482630557398366
460688963,FISH6163,渔船,53.718890758032316,10.092481606432006
273397532,CONT0811,集装箱,390.68194473106587,48.374467916202704
376478312,TANK0132,油轮,202.82515671050047,42.74698330844734
491538158,BULK1334,散货,186.74722213786467,39.976331707788574
365989962,BULK9071,散货,217.126973320427,34.93266837686359
208476236,BULK7802,散货,154.84679554704294,33.770318990063984
377401258,FISH6340,渔船,38.89910912632665,13.288424415672743
477332335,CONT1319,集装箱,378.25718231999144,38.40833279467792
317071866,CONT5122,集装箱,372.51668895373075,52.94774421375862
475503974,BULK3169,散货,252.29867193408987,36.652043656031225
284270443,TANK5472,油轮,297.36662599038243,25.91109373911797
493235344,CONT0392,集装箱,333.84169329902807,56.617911357967174
362050210,BULK0954,散货,152.0459539087349,49.00745013827721
369141251,TANK3395,油轮,201.42595432072358,50.17183949360717
366015127,CONT3138,集装箱,344.7017399264504,46.258490678998655
444446392,CONT4040,集装箱,274.0155423659125,52.66946074636891
354047454,CONT2524,集装箱,277.62741004423907,31.149541080480372
329078107,FISH3750,渔船,77.96725502839743,9.248419068087804
312546119,CONT2973,集装箱,210.71188515611263,56.5156524515543
389541007,CONT4405,集装箱,210.58751889132432,46.038644078768
372803259,TANK1594,油轮,136.6197274388598,43.967745740204364
284350421,PASS1448,客船,180.2965387825163,38.28775312254433
463778224,FISH2502,渔船,28.272408214774117,10.902833640483289
253421641,BULK3696,散货,258.6215130821747,25.925178339407054
441091887,CONT8457,集装箱,369.04746083882503,30.565912443902295
281340493,BULK0493,散货,198.93719942562853,25.921680933663506
408497967,BULK5347,散货,249.25482918933642,33.404682703036855
387752747,BULK1410,散货,250.8975414287454,25.906218455445774
458996482,TANK1769,油轮,133.5790674734859,32.90299679942461
465704044,FISH8008,渔船,33.17282119749625,10.186042399881895
402717037,FISH2800,渔船,24.314627534933862,13.830475714458302
202035931,CONT2630,集装箱,294.4317968808639,50.66533148868291
375865474,TANK9019,油轮,226.36989041886002,38.768153713317886
373410040,CONT5670,集装箱,289.62466747292103,42.917840457012
488055366,PASS3413,客船,141.39223537743356,42.80893462668136
371960929,BULK2023,散货,163.42579335671823,44.10147076487189
345348560,BULK6116,散货,284.6763106996953,40.61647155780857
373479891,FISH3869,渔船,64.48920694085726,10.191320272076803
464279862,TANK8197,油轮,309.9451589159567,25.6694110708762
367362971,TANK7781,油轮,323.7064343928233,43.25747084401626
263438701,CONT0883,集装箱,293.18870365908884,59.83578888314628
253526838,BULK4352,散货,203.68754265256652,30.44192433887381
406828500,TANK5791,油轮,292.0349215160378,25.55215064329146
375443087,BULK3984,散货,189.6366381710412,35.78453906859696
208101774,CONT2738,集装箱,234.78436668928484,39.176088895936104
367078088,CONT7307,集装箱,382.89691465852087,53.077446039105084
204082811,TANK2432,油轮,147.3431145417676,21.980375049165318
360720606,BULK0372,散货,294.3446357430687,33.499078060949564
407380153,CONT7547,集装箱,304.9310374395882,56.515415733948565
208200379,FISH0255,渔船,31.52157879450672,9.668056557375511
358912504,FISH3215,渔船,24.097448373719388,13.831996917400627
378653283,FISH0091,渔船,33.63869627981899,7.787624526782215
445519154,FISH9671,渔船,58.689820591362675,10.499348865849889
263163231,TANK3309,油轮,127.65026135802584,51.90732766399595
329385797,CONT5547,集装箱,253.63412176711694,30.414797797509724
261496575,BULK3455,散货,260.3426040699416,29.453685003882594
215360145,FISH9365,渔船,31.553372297605556,10.110567691116913
385951086,CONT9701,集装箱,370.73236472636916,58.8340139411944
456007983,BULK7056,散货,183.83712027729442,38.68706239567671
289290689,CONT2071,集装箱,306.35896416495103,59.307638984559375
463465680,PASS5593,客船,128.54139697121707,22.668403748552915
498929175,CONT0589,集装箱,367.6779056360642,55.19615921167099
439720528,BULK4946,散货,265.4149579714802,26.484660144358187
471638973,TANK8288,油轮,153.08040463882145,20.37203163421737
432248308,BULK7857,散货,172.25877296294476,44.69095222961511
214097234,TANK6123,油轮,166.97387233214116,47.410020984604955
300491765,BULK8997,散货,184.27378201685337,28.700798121940004
399567780,CONT7961,集装箱,326.58078373037483,46.78543073821843
260419997,CONT8520,集装箱,235.77439340274708,58.30787971024776
280858044,FISH7897,渔船,42.78027234924556,12.531406610947611
317522860,CONT4133,集装箱,265.7872517285677,39.29692115769298
465798639,CONT0373,集装箱,248.19236153624828,51.85020317974531
272244296,CONT4277,集装箱,259.6544054991306,47.52614273322536
225858697,BULK5520,散货,152.85081302158926,35.18705232104021
227636644,TANK1776,油轮,207.1384380580429,44.25517911813303
441005331,FISH0723,渔船,32.52595552177972,12.309667774281902
485797837,BULK0396,散货,269.9640096459689,42.93089154700974
407534541,FISH5397,渔船,34.07296892858395,13.421720469000284
259912691,CONT5573,集装箱,350.9736500468639,39.41083976398268
382385131,CONT2284,集装箱,356.8152173046451,40.07756677808893
484415036,FISH4550,渔船,21.84936858881134,13.089966668433295
264467185,FISH6375,渔船,40.98786116804978,8.711022931071962
254704190,BULK9078,散货,150.65236588356902,36.37852481790828
254997315,FISH5725,渔船,74.68191733524088,9.941080507263846
265858418,PASS7170,客船,180.93806729105467,20.447725523734867
280008737,CONT9247,集装箱,188.81847473114874,58.44799512640071
313655198,TANK8142,油轮,214.67755997876398,54.950611825690075
435775097,CONT3065,集装箱,316.6879464317701,32.24775487961151
304007721,CONT8053,集装箱,239.18286270098812,54.56445790728206
390616502,FISH9724,渔船,53.21651017775279,10.160794071701908
339569319,PASS3397,客船,211.80525816767664,31.494801164079046
267881673,FISH2414,渔船,37.34429485842337,12.356558697963042
284219732,BULK0706,散货,171.07253528693406,37.0979881938327
238128626,TANK3340,油轮,192.42244028044598,35.92178199506704
325048084,CONT9806,集装箱,202.82120788175288,54.24012065011277
287173708,TANK5666,油轮,272.9033449228061,44.94805218922207
274530717,BULK5088,散货,186.85953286911214,45.27670072583288
361956999,TANK8006,油轮,133.54599640661888,44.061858984829904
380270053,BULK5326,散货,195.12982505217468,45.88153379496032
342489505,FISH5255,渔船,61.69079659145241,7.163780076288803
225664004,BULK6730,散货,154.252268339351,45.56216166608749
258868199,CONT9876,集装箱,192.26554891852751,58.80249029589088
341088942,CONT2673,集装箱,309.0589820533562,54.36044276449594
340909275,CONT7677,集装箱,375.45707566677976,51.58701298999863
321380952,TANK1949,油轮,319.19642827857353,25.415660977972365
246473257,CONT6394,集装箱,231.22827152114297,55.64900143660389
425019018,CONT8832,集装箱,243.88777049955132,48.78127453563709
466630566,CONT5114,集装箱,197.97351144840766,50.585653181578465
324582944,BULK5960,散货,209.30637187941,39.28343668118768
441559601,BULK9316,散货,197.8999320273832,47.80312783940899
233465502,TANK9248,油轮,237.02310626384167,54.86876389444897
415118951,BULK6075,散货,242.78160362597916,35.673290068740904
323114359,TANK2336,油轮,157.55729885129665,44.4444600892639
367405643,CONT1372,集装箱,379.68163508691373,50.72115278536805
269891091,FISH5288,渔船,56.020810166814414,6.682574049641547
464025332,BULK5346,散货,212.6046803940653,44.173565443526655
355725935,BULK7381,散货,152.23162684208862,49.72654155835444
329336869,CONT3408,集装箱,379.42003409548954,58.37832354180176
341252392,CONT1975,集装箱,194.1655861345983,32.90425104994955
332018106,TANK8864,油轮,132.79661833974487,27.51328001646284
311882774,TANK9765,油轮,216.97283757912072,53.324990400742124
315022259,TANK9945,油轮,205.4117682385141,23.190948747263352
211391706,BULK5064,散货,218.0799814548902,37.5468182366226
363145259,CONT2466,集装箱,334.7704219329955,53.008160750541876
492573986,CONT3276,集装箱,232.43502748476504,56.68209509994537
382593499,CONT8861,集装箱,251.68985575855555,55.53238353701067
396909449,TANK6374,油轮,278.5175267776922,40.050741198852435
264077778,BULK2657,散货,261.9921773945697,28.007138833315356
221515467,TANK0585,油轮,270.31496811141295,24.817571308320815
208239612,CONT2922,集装箱,343.4841413680334,59.286134487367576
259531059,CONT5188,集装箱,362.9500064520204,45.99841287459081
334702371,BULK2044,散货,285.2836588371368,38.620110012358076
496562075,BULK4660,散货,216.23114338836842,47.426455428907325
434293203,BULK6231,散货,290.1705162687243,48.64516645349441
460286253,BULK6747,散货,294.0713455230915,28.725846968251524
276819721,CONT0358,集装箱,325.25073517532957,33.412148089253385
349343475,BULK2442,散货,247.57456276577307,37.88547748062764
374022196,TANK7155,油轮,230.82034917806726,50.62526035511172
216200169,TANK5627,油轮,179.22083718069433,39.170571342555334
430166613,TANK2141,油轮,318.8756715883924,51.9836981783348
404256016,PASS5498,客船,265.67930487763795,42.84075510880421
480646940,CONT1605,集装箱,352.18392576304615,46.347358912113926
223356349,BULK0907,散货,156.16200204284473,27.527018031408204
425891443,FISH4331,渔船,46.280705204004676,10.770760424574569
383442858,TANK7679,油轮,170.30239977330905,49.664067157323004
212790878,FISH6139,渔船,27.592709944850444,7.977802785225677
357618797,CONT2960,集装箱,299.65642461762707,49.997201269124005
242312928,FISH8716,渔船,77.738489662423,7.063106966445636
421273550,TANK6628,油轮,202.71573327685695,22.047332059917313
409619527,BULK6739,散货,273.0352341176631,30.40478512003432
377281175,BULK2871,散货,222.78260729720927,44.92252310211832
456482842,TANK8716,油轮,215.07031282807608,20.898406941516633
421129918,TANK8330,油轮,211.5891595598594,20.957299124185948
382763101,BULK4850,散货,209.04697931426236,39.571142643302025
403616713,BULK4698,散货,262.72046419972503,45.59181907925989
372826633,FISH6183,渔船,33.1283129501504,13.757958166120616
406085318,TANK7708,油轮,298.9275266741726,39.89463402104079
395929387,TANK8676,油轮,268.3122897331569,47.21613005790354
433920413,PASS2748,客船,221.77451149134083,37.76566454749383
329370461,CONT4765,集装箱,308.68816020755486,36.20163716261006
263980566,TANK1726,油轮,151.75575210587917,24.28849420900381
376546591,BULK3683,散货,223.80044970503508,38.85524831214108
378173894,PASS6273,客船,132.86790935567203,41.64882310661007
203850105,BULK9345,散货,150.71338763891077,29.765311995577655
443553797,TANK2193,油轮,276.67966896561956,23.402730153675755
253788478,FISH6536,渔船,63.91987936339093,6.269766176201607
354116547,TANK8718,油轮,234.04128961652782,26.52376734607218
407406050,TANK4558,油轮,183.35788796171425,38.04542202622489
365779611,BULK8279,散货,196.0837992273619,48.45978089865268
481886649,CONT3732,集装箱,349.649061144688,59.35431883809636
363010305,CONT7374,集装箱,301.68087672720264,58.789865809096895
296687271,BULK0937,散货,189.46862092016812,49.31620280935235
405457076,CONT1522,集装箱,387.75223211177325,47.308711830105594
418756028,TANK6703,油轮,209.8816775461935,38.60263327894566
264576779,PASS0053,客船,123.68775481894664,40.66577949575388
241499359,CONT2567,集装箱,210.3177241581759,34.32609241965651
334446648,TANK0242,油轮,230.1364586351081,25.547889609276424
329633723,BULK8823,散货,179.85901923314822,41.5930216349887
481238763,CONT2739,集装箱,273.13952477001277,34.79494346882701
411437863,TANK7248,油轮,288.73082756797555,20.407947011820344
318044347,CONT0136,集装箱,328.2415788920793,35.79191164780269
429950906,CONT4737,集装箱,350.42035271150894,47.12523812477282
470345750,BULK8822,散货,244.0520072824662,29.840774782324864
211418693,TANK7808,油轮,169.94031614989697,26.147737365719653
342237111,CONT6348,集装箱,288.43180012854265,40.618023477588686
368022018,BULK1175,散货,226.4539887754138,29.197403339155724
446618166,CONT5600,集装箱,335.2697079858982,58.404488670856864
239416688,TANK0067,油轮,221.10283394577942,52.46477623747444
342586405,BULK3460,散货,288.68657713234074,30.401960682150218
448024007,BULK8355,散货,298.1333447284758,39.86569123836754
287503678,TANK7317,油轮,183.60266312504805,30.198207197471064
372338817,CONT0748,集装箱,185.79070669040667,44.24228834860041
